{"cameraMode":{"drawMode":0,"name":"Shaded","section":"Shading Mode"},"sceneLighting":false,"audioPlay":false,"sceneViewState":{"m_AlwaysRefresh":false,"showFog":true,"showSkybox":false,"showFlares":true,"showImageEffects":true,"showParticleSystems":true,"showVisualEffectGraphs":true,"m_FxEnabled":true},"in2DMode":false,"pivot":{"x":0.4400000274181366,"y":0.5389009714126587,"z":0.6499999165534973},"rotation":{"x":-0.01868286356329918,"y":-0.9761531949043274,"z":0.19525106251239777,"w":-0.09373918175697327},"size":2.3184170722961427,"orthographic":false}